{"cameraMode":{"drawMode":0,"name":"Shaded","section":"Shading Mode"},"sceneLighting":false,"audioPlay":false,"sceneViewState":{"m_AlwaysRefresh":false,"showFog":true,"showSkybox":true,"showFlares":true,"showImageEffects":true,"showParticleSystems":true,"showVisualEffectGraphs":true,"m_FxEnabled":true},"in2DMode":false,"pivot":{"x":351.24908447265627,"y":27.63644790649414,"z":365.7995910644531},"rotation":{"x":-0.023370513692498208,"y":0.16272439062595368,"z":0.003868578467518091,"w":0.9863957166671753},"size":19.1287841796875,"orthographic":false}