{"cameraMode":{"drawMode":0,"name":"Shaded","section":"Shading Mode"},"sceneLighting":true,"audioPlay":false,"sceneViewState":{"m_AlwaysRefresh":false,"showFog":true,"showSkybox":true,"showFlares":true,"showImageEffects":true,"showParticleSystems":true,"showVisualEffectGraphs":true,"m_FxEnabled":true},"in2DMode":false,"pivot":{"x":355.1164855957031,"y":17.261484146118165,"z":382.3033142089844},"rotation":{"x":0.0029482252430170776,"y":0.166917085647583,"z":0.0005008186562918127,"w":-0.9860044717788696},"size":8.094188690185547,"orthographic":false}