{"cameraMode":{"drawMode":0,"name":"Shaded","section":"Shading Mode"},"sceneLighting":true,"audioPlay":false,"sceneViewState":{"m_AlwaysRefresh":false,"showFog":true,"showSkybox":true,"showFlares":true,"showImageEffects":true,"showParticleSystems":true,"showVisualEffectGraphs":true,"m_FxEnabled":true},"in2DMode":false,"pivot":{"x":359.0321044921875,"y":21.341306686401368,"z":368.82025146484377},"rotation":{"x":-0.12578672170639039,"y":0.7997000217437744,"z":-0.18001317977905274,"w":-0.5588060021400452},"size":17.348562240600587,"orthographic":false}